id,first_name,age,gender
1,Jania,18,Female
2,Kinny,18,Male
3,Verene,18,Female
4,Lizette,17,Female
5,Nickie,18,Male
6,Raviv,18,Male
7,Florence,16,Female
8,Darnell,16,Male
9,Datha,16,Female
10,Tulley,16,Male
11,Annamarie,18,Female
12,Nari,16,Female
13,Noby,17,Male
14,Lon,16,Male
15,Paulo,16,Male
16,Zeke,18,Male
17,Isahella,18,Female
18,Lucie,18,Female
19,Lou,17,Male
20,Tristan,18,Male
21,Aube,16,Male
22,Rosaline,17,Female
23,Bonni,16,Female
24,Xever,17,Male
25,Philipa,17,Female
26,Siana,18,Female
27,Tory,17,Female
28,Vina,18,Female
29,Almire,17,Female
30,Lowe,16,Male
31,Bail,16,Male
32,Vivia,17,Female
33,Koenraad,17,Male
34,Allyson,17,Female
35,Kerr,17,Male
36,Erin,16,Female
37,Kerwinn,18,Male
38,Allyce,17,Female
39,Jenda,16,Female
40,Sandro,16,Male
41,Thacher,16,Male
42,Lilli,16,Female
43,Vincenty,18,Male
44,Galen,18,Male
45,Gwenny,16,Female
46,Munmro,17,Male
47,Clarie,17,Female
48,Randy,16,Male
49,Tonie,17,Female
50,Gan,16,Male